<?xml version="1.0" encoding="UTF-8"?>
<kcfg xmlns="http://www.kde.org/standards/kcfg/1.0"
      xmlns:xsi="http://www.w3.org/2001/XMLSchema-instance"
      xsi:schemaLocation="http://www.kde.org/standards/kcfg/1.0
      http://www.kde.org/standards/kcfg/1.0/kcfg.xsd" >
  <kcfgfile name=""/>

  <group name="General">
    <entry name="Blur" type="bool">
      <label>Blur background filling</label>
      <default>false</default>
    </entry>
    <entry name="Color" type="Color">
      <label>Color of the wallpaper</label>
      <default>#000000</default>
    </entry>
    <entry name="Image" type="String">
      <label>Wallpaper image path or wallpaper name</label>
      <default></default>
    </entry>
    <entry name="FillMode" type="int">
      <label>Sizing, cropping and positioning of the wallpaper image</label>
      <default>0</default>
    </entry>
    <entry name="SlidePaths" type="StringList">
      <label>Paths used for the slideshow</label>
      <default></default>
    </entry>
    <entry name="SlideInterval" type="int">
      <label>Interval between slides</label>
      <default>10</default>
    </entry>
    <entry name="TransitionAnimationDuration" type="int">
      <label>Fade Transition Animation  (ms)</label>
      <default>1000</default>
    </entry>
    <entry name="Slideshow" type="bool">
      <default>false</default>
    </entry>
    <entry name="BlurRadius" type="int">
      <label>Blur radius</label>
      <default>40</default>
    </entry>
    <entry name="AnimationDuration" type="int">
      <label>How quickly the change takes effect.</label>
      <default>400</default>
    </entry>
  </group>

</kcfg>
